[{"@type":"mappingTemplate","id":"@1","name":"m_cust_info","description":"1:27PM July 21-- Checkin\n\nMY NAME is ISHHAA","bundleVersion":"0","templateId":"@3","deployTime":1705296338000,"hasParameters":false,"valid":true,"fixedConnection":true,"hasParametersDeployed":false,"fixedConnectionDeployed":true,"isSchemaValidationEnabled":false,"tasks":0,"mappingPreviewFileRecordId":"@2","documentType":"MAPPING","references":[{"@type":"reference","refObjectId":"@49rE5YXrfwdd9X2DD4xqqe","refType":"connection"}]}]